# cracking-rosetta | data/mdxfind-transcodes.tsv
#
# TYPE <TAB> entry-id <TAB> hash[:salt]:plaintext
#
# One line per case where hashpipe's `-c` reader cannot parse the vector as the
# entry stores it, and the type's own serialization has to be supplied. john
# writes RVARY as "$rvary$<hex>" where mdxfind wants the bare hex; EPiServer's
# john form is two 0x-prefixed fields separated by a space; dynamic_1602 wraps
# hash and salt in "$dynamic_1602$...$...$$U<user>" and QAS-VASAUTH ignores the
# user field entirely.
#
# These are hints about SPELLING, never claims. tools/attach-mdxfind-ahead.pl
# still has to see the line come back on stdout from `hashpipe -c` pinned to
# the named type, or nothing is written. A line here and the entry's stored
# vector are ONE piece of evidence written twice; the entry's note says so, so
# that a later reader does not count them as two agreeing vectors.
#
# Read by tools/attach-mdxfind-ahead.pl --transcode.
RVARY	rvary	5aa70358a9c369e0:QWERTY1
EPISERVER-SID	episerver-sid	4d5efdfa143edf74193076f174ac47cebf2f417f:5F1D84A6DE97E2BEFB637A3CB5318AFEF0750B856CF1836BD1D4470175BE:Abc.!23
QAS-VASAUTH	dynamic-1602	9b4d1328a3dc064704301d2da2975f97b9212d8f08539214b27fd3106dc208ff:C34208EA-8C33-473D-A9B4-53FB40347EA0:P0rtcu11i5!
MD4SALTPASS	dynamic-31	5f4de0716cc8e0c8ebbd20f5adbdc09f:fHyMBLzW:test1
MD4PASSSALT	dynamic-32	7587e30d68ce5d7e2d4e7d98a8f69ff5:RAkUuD88:test1
MD5USERMD5PASSSALT	dynamic-15	6093d5cb3e2f99d9110eb9c4bbca5f8c:aaaSXB:joeblow:test1
MD5PASSSALTMD5PASSSALT	dynamic-1505	b8bbabb1eb9802a2e962de0207ca5172:aaaSXB:test1
POSTOFFICE	dynamic-18	0c78bdef7d5448105cfbbc9aaa490a44:550c41c11bab48f9dbd8203ed313eef0:abc123
IPB2	invision-power-board-2-x	d891f03a7327639bc632d62a7f302604:2e75504633:welcome
KECCAK512	raw-keccak	d135bb84d0439dbac432247ee573a23ea7d3c9deb2a968eb31d47c4fb45f1ef4422d6c531b5b9bd6f449ebcc449ea94d0a8f05f62130fda612da53c79659f609:The quick brown fox jumps over the lazy dog
MSCACHE	ms-cache-hash-dcc	ab60bdb4493822b175486810ac2abe63:test2:test2
NETNTLMV1	ntlmv1-c-r-johnnetntlm-naive	::X:aaaaaaaaaaaaaaaaaaaaaaaaaaaaaaaaaaaaaaaaaaaaaaaa:BFCCAF26128EC95F9999C9792F49434267A1D9B0EF89BFFB:1122334455667788:g3rg3g3rg3g3rg3
NSEC3	dnssec-nsec3	hgmlgembs8j1dhkrmhbu1ggh3jmgkrjn:.example.com.:4141414141414141:100:www
SKYPE	dynamic-1401	27f6a9d892475e6ce0391de8d2d893f7:username:password
POSTGRESQL	dynamic-1034	bd6fd49a627ecdbe4031b2d52d5748ab:postgres:openwall
